"sample_unique"	"Accession_dorado"	"Accession_rerio"	"MDRO_dorado"	"MDRO_rerio"	"Accession_short"	"Accession_PRJNA903550"	"Accession_PRJNA1076808"	"SRR_dorado"	"SRR_rerio"	"SRR_short"	"empty"
"RIVM_C047430"	"SAMN39949315"	"SAMN39949671"	"Klebsiella pneumoniae"	"Klebsiella pneumoniae"	"SAMN39950424"	""	"SAMN39950424"	"SRR27972715"	"SRR27972537"	"SRR27977351"	""
"RIVM_C048187"	"SAMN39949316"	"SAMN39949672"	"Klebsiella pneumoniae"	"Klebsiella pneumoniae"	"SAMN39950425"	""	"SAMN39950425"	"SRR27972714"	"SRR27972536"	"SRR27977350"	""
"RIVM_C048193"	"SAMN39949317"	"SAMN39949673"	"Proteus mirabilis"	"Proteus mirabilis"	"SAMN38223551"	"SAMN38223551"	""	"SRR27972423"	"SRR27972895"	"SRR26803429"	""
"RIVM_C048206"	"SAMN39949318"	"SAMN39949674"	"Escherichia coli"	"Escherichia coli"	"SAMN39950426"	""	"SAMN39950426"	"SRR27972924"	"SRR27972894"	"SRR27977124"	""
"RIVM_C048208"	"SAMN39949319"	"SAMN39949675"	"Escherichia coli"	"Escherichia coli"	"SAMN39950427"	""	"SAMN39950427"	"SRR27972525"	"SRR27972892"	"SRR27977048"	""
"RIVM_C048214"	"SAMN39949320"	"SAMN39949676"	"Klebsiella pneumoniae"	"Klebsiella pneumoniae"	"SAMN38223554"	"SAMN38223554"	""	"SRR27972486"	"SRR27972891"	"SRR26803426"	""
"RIVM_C048217"	"SAMN39949321"	"SAMN39949677"	"Escherichia coli"	"Escherichia coli"	"SAMN39950428"	""	"SAMN39950428"	"SRR27973015"	"SRR27972890"	"SRR27977225"	""
"RIVM_C048218"	"SAMN39949322"	"SAMN39949678"	"Klebsiella pneumoniae"	"Klebsiella pneumoniae"	"SAMN39950429"	""	"SAMN39950429"	"SRR27972732"	"SRR27972889"	"SRR27977214"	""
"RIVM_C048221"	"SAMN39949323"	"SAMN39949679"	"Escherichia coli"	"Escherichia coli"	"SAMN39950430"	""	"SAMN39950430"	"SRR27972953"	"SRR27972888"	"SRR27977203"	""
"RIVM_C048222"	"SAMN39949324"	"SAMN39949680"	"Klebsiella pneumoniae"	"Klebsiella pneumoniae"	"SAMN39950431"	""	"SAMN39950431"	"SRR27972942"	"SRR27972887"	"SRR27977192"	""
"RIVM_C048232"	"SAMN39949325"	"SAMN39949681"	"Enterobacter cloacae"	"Enterobacter cloacae"	"SAMN39950432"	""	"SAMN39950432"	"SRR27972713"	"SRR27972886"	"SRR27977181"	""
"RIVM_C048637"	"SAMN39949326"	"SAMN39949682"	"Acinetobacter baumannii"	"Acinetobacter baumannii"	"SAMN39950433"	""	"SAMN39950433"	"SRR27972702"	"SRR27972885"	"SRR27977170"	""
"RIVM_C048646"	"SAMN39949327"	"SAMN39949683"	"Klebsiella pneumoniae"	"Klebsiella pneumoniae"	"SAMN39950434"	""	"SAMN39950434"	"SRR27972691"	"SRR27972884"	"SRR27977349"	""
"RIVM_C048651"	"SAMN39949328"	"SAMN39949684"	"Pseudomonas aeruginosa"	"Pseudomonas aeruginosa"	"SAMN39950435"	""	"SAMN39950435"	"SRR27972680"	"SRR27972883"	"SRR27977338"	""
"RIVM_C048671"	"SAMN39949329"	"SAMN39949685"	"Acinetobacter baumannii"	"Acinetobacter baumannii"	"SAMN38223557"	"SAMN38223557"	""	"SRR27972669"	"SRR27972881"	"SRR26803423"	""
"RIVM_C048678"	"SAMN39949330"	"SAMN39949686"	"Proteus mirabilis"	"Proteus mirabilis"	"SAMN39950436"	""	"SAMN39950436"	"SRR27972658"	"SRR27972880"	"SRR27977327"	""
"RIVM_C048694"	"SAMN39949331"	"SAMN39949687"	"Escherichia coli"	"Escherichia coli"	"SAMN39950437"	""	"SAMN39950437"	"SRR27972647"	"SRR27972879"	"SRR27977316"	""
"RIVM_C048714"	"SAMN39949332"	"SAMN39949688"	"Klebsiella pneumoniae"	"Klebsiella pneumoniae"	"SAMN38223565"	"SAMN38223565"	""	"SRR27972636"	"SRR27972878"	"SRR26803414"	""
"RIVM_C048758"	"SAMN39949333"	"SAMN39949689"	"Providencia stuartii"	"Providencia stuartii"	"SAMN38223578"	"SAMN38223578"	""	"SRR27972625"	"SRR27972877"	"SRR26803400"	""
"RIVM_C048765"	"SAMN39949334"	"SAMN39949690"	"Klebsiella pneumoniae"	"Klebsiella pneumoniae"	"SAMN39950438"	""	"SAMN39950438"	"SRR27972614"	"SRR27972876"	"SRR27977161"	""
"RIVM_C048766"	"SAMN39949335"	"SAMN39949691"	"Escherichia coli"	"Escherichia coli"	"SAMN39950439"	""	"SAMN39950439"	"SRR27972422"	"SRR27972875"	"SRR27977150"	""
"RIVM_C048768"	"SAMN39949336"	"SAMN39949692"	"Escherichia coli"	"Escherichia coli"	"SAMN39950440"	""	"SAMN39950440"	"SRR27972411"	"SRR27972874"	"SRR27977139"	""
"RIVM_C048771"	"SAMN39949337"	"SAMN39949693"	"Escherichia coli"	"Escherichia coli"	"SAMN39950441"	""	"SAMN39950441"	"SRR27972400"	"SRR27972873"	"SRR27977308"	""
"RIVM_C049097"	"SAMN39949338"	"SAMN39949694"	"Pseudomonas aeruginosa"	"Pseudomonas aeruginosa"	"SAMN39950442"	""	"SAMN39950442"	"SRR27972605"	"SRR27972872"	"SRR27977297"	""
"RIVM_C050075"	"SAMN39949339"	"SAMN39949695"	"Klebsiella pneumoniae"	"Klebsiella pneumoniae"	"SAMN39950443"	""	"SAMN39950443"	"SRR27972594"	"SRR27972870"	"SRR27977286"	""
"RIVM_C050090"	"SAMN39949340"	"SAMN39949696"	"Acinetobacter baumannii"	"Acinetobacter baumannii"	"SAMN39950444"	""	"SAMN39950444"	"SRR27972583"	"SRR27972869"	"SRR27977122"	""
"RIVM_C050098"	"SAMN39949341"	"SAMN39949697"	"Klebsiella pneumoniae"	"Klebsiella pneumoniae"	"SAMN38223591"	"SAMN38223591"	""	"SRR27972572"	"SRR27972868"	"SRR26803385"	""
"RIVM_C050118"	"SAMN39949342"	"SAMN39949698"	"Klebsiella pneumoniae"	"Klebsiella pneumoniae"	"SAMN38223592"	"SAMN38223592"	""	"SRR27972381"	"SRR27972867"	"SRR26803384"	""
"RIVM_C050119"	"SAMN39949343"	"SAMN39949699"	"Klebsiella pneumoniae"	"Klebsiella pneumoniae"	"SAMN38223593"	"SAMN38223593"	""	"SRR27972370"	"SRR27972866"	"SRR26803383"	""
"RIVM_C050120"	"SAMN39949344"	"SAMN39949700"	"Escherichia coli"	"Escherichia coli"	"SAMN38223594"	"SAMN38223594"	""	"SRR27972359"	"SRR27972865"	"SRR26803382"	""
"RIVM_C050122"	"SAMN39949345"	"SAMN39949701"	"Escherichia coli"	"Escherichia coli"	"SAMN38223595"	"SAMN38223595"	""	"SRR27972923"	"SRR27972864"	"SRR26803381"	""
"RIVM_C050123"	"SAMN39949346"	"SAMN39949702"	"Klebsiella pneumoniae"	"Klebsiella pneumoniae"	"SAMN38223596"	"SAMN38223596"	""	"SRR27972912"	"SRR27972863"	"SRR26803380"	""
"RIVM_C050124"	"SAMN39949347"	"SAMN39949703"	"Pseudomonas aeruginosa"	"Pseudomonas aeruginosa"	"SAMN38223597"	"SAMN38223597"	""	"SRR27972901"	"SRR27972862"	"SRR26803379"	""
"RIVM_C050125"	"SAMN39949348"	"SAMN39949704"	"Klebsiella pneumoniae"	"Klebsiella pneumoniae"	"SAMN38223598"	"SAMN38223598"	""	"SRR27972566"	"SRR27972861"	"SRR26803378"	""
"RIVM_C050131"	"SAMN39949349"	"SAMN39949705"	"Klebsiella pneumoniae"	"Klebsiella pneumoniae"	"SAMN39950445"	""	"SAMN39950445"	"SRR27972555"	"SRR27972535"	"SRR27977111"	""
"RIVM_C050134"	"SAMN39949350"	"SAMN39949706"	"Citrobacter freundii"	"Citrobacter freundii"	"SAMN39950446"	""	"SAMN39950446"	"SRR27972544"	"SRR27972534"	"SRR27977100"	""
"RIVM_C050138"	"SAMN39949351"	"SAMN39949707"	"Enterobacter cloacae"	"Enterobacter cloacae"	"SAMN39950447"	""	"SAMN39950447"	"SRR27972893"	"SRR27972533"	"SRR27977089"	""
"RIVM_C050142"	"SAMN39949352"	"SAMN39949708"	"Enterobacter cloacae"	"Enterobacter cloacae"	"SAMN39950448"	""	"SAMN39950448"	"SRR27972882"	"SRR27972532"	"SRR27977078"	""
"RIVM_C050146"	"SAMN39949353"	"SAMN39949709"	"Klebsiella pneumoniae"	"Klebsiella pneumoniae"	"SAMN38223599"	"SAMN38223599"	""	"SRR27972871"	"SRR27972531"	"SRR26803376"	""
"RIVM_C050147"	"SAMN39949354"	"SAMN39949710"	"Klebsiella pneumoniae"	"Klebsiella pneumoniae"	"SAMN38223600"	"SAMN38223600"	""	"SRR27972860"	"SRR27972530"	"SRR26803375"	""
"RIVM_C050148"	"SAMN39949355"	"SAMN39949711"	"Escherichia coli"	"Escherichia coli"	"SAMN38223601"	"SAMN38223601"	""	"SRR27972524"	"SRR27972529"	"SRR26803374"	""
"RIVM_C050151"	"SAMN39949356"	"SAMN39949712"	"Klebsiella pneumoniae"	"Klebsiella pneumoniae"	"SAMN38223602"	"SAMN38223602"	""	"SRR27972513"	"SRR27972528"	"SRR26803373"	""
"RIVM_C050152"	"SAMN39949357"	"SAMN39949713"	"Escherichia coli"	"Escherichia coli"	"SAMN38223603"	"SAMN38223603"	""	"SRR27972502"	"SRR27972527"	"SRR26803372"	""
"RIVM_C050165"	"SAMN39949358"	"SAMN39949714"	"Escherichia coli"	"Escherichia coli"	"SAMN39950449"	""	"SAMN39950449"	"SRR27972347"	"SRR27972526"	"SRR27977067"	""
"RIVM_C050171"	"SAMN39949359"	"SAMN39949715"	"Klebsiella pneumoniae"	"Klebsiella pneumoniae"	"SAMN38223604"	"SAMN38223604"	""	"SRR27973048"	"SRR27972523"	"SRR26803371"	""
"RIVM_C050172"	"SAMN39949360"	"SAMN39949716"	"Klebsiella pneumoniae"	"Klebsiella pneumoniae"	"SAMN38223605"	"SAMN38223605"	""	"SRR27973037"	"SRR27972522"	"SRR26803370"	""
"RIVM_C050173"	"SAMN39949361"	"SAMN39949717"	"Escherichia coli"	"Escherichia coli"	"SAMN39950450"	""	"SAMN39950450"	"SRR27972818"	"SRR27972521"	"SRR27977056"	""
"RIVM_C050178"	"SAMN39949362"	"SAMN39949718"	"Pseudomonas aeruginosa"	"Pseudomonas aeruginosa"	"SAMN39950451"	""	"SAMN39950451"	"SRR27972807"	"SRR27972520"	"SRR27977269"	""
"RIVM_C050191"	"SAMN39949363"	"SAMN39949719"	"Proteus mirabilis"	"Proteus mirabilis"	"SAMN39950452"	""	"SAMN39950452"	"SRR27972796"	"SRR27972519"	"SRR27977258"	""
"RIVM_C050227"	"SAMN39949364"	"SAMN39949720"	"Klebsiella oxytoca"	"Klebsiella oxytoca"	"SAMN39950453"	""	"SAMN39950453"	"SRR27972497"	"SRR27972518"	"SRR27977247"	""
"RIVM_C050329"	"SAMN39949365"	"SAMN39949721"	"Enterobacter cloacae"	"Enterobacter cloacae"	"SAMN39950454"	""	"SAMN39950454"	"SRR27972485"	"SRR27972517"	"SRR27977047"	""
"RIVM_C050332"	"SAMN39949366"	"SAMN39949722"	"Escherichia coli"	"Escherichia coli"	"SAMN39950455"	""	"SAMN39950455"	"SRR27972474"	"SRR27972516"	"SRR27977036"	""
"RIVM_C050405"	"SAMN39949367"	"SAMN39949723"	"Klebsiella pneumoniae"	"Klebsiella pneumoniae"	"SAMN39950456"	""	"SAMN39950456"	"SRR27972859"	"SRR27972515"	"SRR27977025"	""
"RIVM_C050406"	"SAMN39949368"	"SAMN39949724"	"Escherichia coli"	"Escherichia coli"	"SAMN39950457"	""	"SAMN39950457"	"SRR27972848"	"SRR27972514"	"SRR27977238"	""
"RIVM_C050422"	"SAMN39949369"	"SAMN39949725"	"Klebsiella pneumoniae"	"Klebsiella pneumoniae"	"SAMN39950458"	""	"SAMN39950458"	"SRR27972837"	"SRR27972512"	"SRR27977231"	""
"RIVM_C050428"	"SAMN39949370"	"SAMN39949726"	"Klebsiella pneumoniae"	"Klebsiella pneumoniae"	"SAMN39950459"	""	"SAMN39950459"	"SRR27972826"	"SRR27972511"	"SRR27977230"	""
"RIVM_C050449"	"SAMN39949371"	"SAMN39949727"	"Pseudomonas nitroreducens"	"Pseudomonas nitroreducens"	"SAMN39950460"	""	"SAMN39950460"	"SRR27972779"	"SRR27972510"	"SRR27977229"	""
"RIVM_C050505"	"SAMN39949372"	"SAMN39949728"	"Klebsiella pneumoniae"	"Klebsiella pneumoniae"	"SAMN39950461"	""	"SAMN39950461"	"SRR27972768"	"SRR27972509"	"SRR27977228"	""
"RIVM_C050506"	"SAMN39949373"	"SAMN39949729"	"Pseudomonas aeruginosa"	"Pseudomonas aeruginosa"	"SAMN39950462"	""	"SAMN39950462"	"SRR27972757"	"SRR27972508"	"SRR27977227"	""
"RIVM_C050529"	"SAMN39949374"	"SAMN39949730"	"Pseudomonas aeruginosa"	"Pseudomonas aeruginosa"	"SAMN39950463"	""	"SAMN39950463"	"SRR27973026"	"SRR27972507"	"SRR27977226"	""
"RIVM_C050547"	"SAMN39949375"	"SAMN39949731"	"Escherichia coli"	"Escherichia coli"	"SAMN39950464"	""	"SAMN39950464"	"SRR27973014"	"SRR27972506"	"SRR27977224"	""
"RIVM_C050562"	"SAMN39949376"	"SAMN39949732"	"Klebsiella pneumoniae"	"Klebsiella pneumoniae"	"SAMN39950465"	""	"SAMN39950465"	"SRR27973003"	"SRR27972505"	"SRR27977223"	""
"RIVM_C050564"	"SAMN39949377"	"SAMN39949733"	"Pseudomonas aeruginosa"	"Pseudomonas aeruginosa"	"SAMN39950466"	""	"SAMN39950466"	"SRR27972460"	"SRR27972504"	"SRR27977222"	""
"RIVM_C050706"	"SAMN39949378"	"SAMN39949734"	"Klebsiella pneumoniae"	"Klebsiella pneumoniae"	"SAMN39950467"	""	"SAMN39950467"	"SRR27972449"	"SRR27972503"	"SRR27977221"	""
"RIVM_C050709"	"SAMN39949379"	"SAMN39949735"	"Escherichia coli"	"Escherichia coli"	"SAMN39950468"	""	"SAMN39950468"	"SRR27972438"	"SRR27972501"	"SRR27977220"	""
"RIVM_C050712"	"SAMN39949380"	"SAMN39949736"	"Klebsiella pneumoniae"	"Klebsiella pneumoniae"	"SAMN39950469"	""	"SAMN39950469"	"SRR27972995"	"SRR27972500"	"SRR27977219"	""
"RIVM_C050713"	"SAMN39949381"	"SAMN39949737"	"Pseudomonas aeruginosa"	"Pseudomonas aeruginosa"	"SAMN39950470"	""	"SAMN39950470"	"SRR27972984"	"SRR27972355"	"SRR27977218"	""
"RIVM_C050862"	"SAMN39949382"	"SAMN39949738"	"Escherichia coli"	"Escherichia coli"	"SAMN39950471"	""	"SAMN39950471"	"SRR27972973"	"SRR27972354"	"SRR27977217"	""
"RIVM_C050863"	"SAMN39949383"	"SAMN39949739"	"Acinetobacter baumannii"	"Acinetobacter baumannii"	"SAMN39950472"	""	"SAMN39950472"	"SRR27972962"	"SRR27972353"	"SRR27977216"	""
"RIVM_C050864"	"SAMN39949384"	"SAMN39949740"	"Escherichia coli"	"Escherichia coli"	"SAMN39950473"	""	"SAMN39950473"	"SRR27972743"	"SRR27972352"	"SRR27977215"	""
"RIVM_C051019"	"SAMN39949385"	"SAMN39949741"	"Klebsiella pneumoniae"	"Klebsiella pneumoniae"	"SAMN39950474"	""	"SAMN39950474"	"SRR27972731"	"SRR27972351"	"SRR27977213"	""
"RIVM_C051020"	"SAMN39949386"	"SAMN39949742"	"Escherichia coli"	"Escherichia coli"	"SAMN39950475"	""	"SAMN39950475"	"SRR27972720"	"SRR27972350"	"SRR27977212"	""
"RIVM_C051022"	"SAMN39949387"	"SAMN39949743"	"Citrobacter freundii"	"Citrobacter freundii"	"SAMN39950476"	""	"SAMN39950476"	"SRR27972717"	"SRR27972349"	"SRR27977211"	""
"RIVM_C051023"	"SAMN39949388"	"SAMN39949744"	"Pseudomonas aeruginosa"	"Pseudomonas aeruginosa"	"SAMN39950477"	""	"SAMN39950477"	"SRR27972716"	"SRR27972348"	"SRR27977210"	""
"RIVM_C051024"	"SAMN39949389"	"SAMN39949745"	"Providencia stuartii"	"Providencia stuartii"	"SAMN39950478"	""	"SAMN39950478"	"SRR27972959"	"SRR27972346"	"SRR27977209"	""
"RIVM_C051025"	"SAMN39949390"	"SAMN39949746"	"Klebsiella pneumoniae"	"Klebsiella pneumoniae"	"SAMN39950479"	""	"SAMN39950479"	"SRR27972958"	"SRR27972345"	"SRR27977208"	""
"RIVM_C051028"	"SAMN39949391"	"SAMN39949747"	"Klebsiella pneumoniae"	"Klebsiella pneumoniae"	"SAMN39950480"	""	"SAMN39950480"	"SRR27972957"	"SRR27972344"	"SRR27977207"	""
"RIVM_C051029"	"SAMN39949392"	"SAMN39949748"	"Escherichia coli"	"Escherichia coli"	"SAMN39950481"	""	"SAMN39950481"	"SRR27972956"	"SRR27972343"	"SRR27977206"	""
"RIVM_C051238"	"SAMN39949393"	"SAMN39949749"	"Klebsiella pneumoniae"	"Klebsiella pneumoniae"	"SAMN39950482"	""	"SAMN39950482"	"SRR27972955"	"SRR27972342"	"SRR27977205"	""
"RIVM_C051239"	"SAMN39949394"	"SAMN39949750"	"Escherichia coli"	"Escherichia coli"	"SAMN39950483"	""	"SAMN39950483"	"SRR27972954"	"SRR27972341"	"SRR27977204"	""
"RIVM_C051240"	"SAMN39949395"	"SAMN39949751"	"Klebsiella pneumoniae"	"Klebsiella pneumoniae"	"SAMN39950484"	""	"SAMN39950484"	"SRR27972952"	"SRR27972340"	"SRR27977202"	""
"RIVM_C051241"	"SAMN39949396"	"SAMN39949752"	"Escherichia coli"	"Escherichia coli"	"SAMN39950485"	""	"SAMN39950485"	"SRR27972951"	"SRR27972339"	"SRR27977201"	""
"RIVM_C051242"	"SAMN39949397"	"SAMN39949753"	"Klebsiella pneumoniae"	"Klebsiella pneumoniae"	"SAMN39950486"	""	"SAMN39950486"	"SRR27972950"	"SRR27972338"	"SRR27977200"	""
"RIVM_C051246"	"SAMN39949398"	"SAMN39949754"	"Pseudomonas aeruginosa"	"Pseudomonas aeruginosa"	"SAMN39950487"	""	"SAMN39950487"	"SRR27972949"	"SRR27973049"	"SRR27977199"	""
"RIVM_C051247"	"SAMN39949399"	"SAMN39949755"	"Klebsiella pneumoniae"	"Klebsiella pneumoniae"	"SAMN39950488"	""	"SAMN39950488"	"SRR27972948"	"SRR27973047"	"SRR27977198"	""
"RIVM_C051250"	"SAMN39949400"	"SAMN39949756"	"Klebsiella pneumoniae"	"Klebsiella pneumoniae"	"SAMN39950489"	""	"SAMN39950489"	"SRR27972947"	"SRR27973046"	"SRR27977197"	""
"RIVM_C051251"	"SAMN39949401"	"SAMN39949757"	"Acinetobacter baumannii"	"Acinetobacter baumannii"	"SAMN39950490"	""	"SAMN39950490"	"SRR27972946"	"SRR27973045"	"SRR27977196"	""
"RIVM_C051252"	"SAMN39949402"	"SAMN39949758"	"Acinetobacter baumannii"	"Acinetobacter baumannii"	"SAMN39950491"	""	"SAMN39950491"	"SRR27972945"	"SRR27973044"	"SRR27977195"	""
"RIVM_C051260"	"SAMN39949403"	"SAMN39949759"	"Klebsiella pneumoniae"	"Klebsiella pneumoniae"	"SAMN39950492"	""	"SAMN39950492"	"SRR27972944"	"SRR27973043"	"SRR27977194"	""
"RIVM_C051261"	"SAMN39949404"	"SAMN39949760"	"Acinetobacter baumannii"	"Acinetobacter baumannii"	"SAMN39950493"	""	"SAMN39950493"	"SRR27972943"	"SRR27973042"	"SRR27977193"	""
"RIVM_C051263"	"SAMN39949405"	"SAMN39949761"	"Acinetobacter ursingii"	"Acinetobacter ursingii"	"SAMN39950494"	""	"SAMN39950494"	"SRR27972941"	"SRR27973041"	"SRR27977191"	""
"RIVM_C051268"	"SAMN39949406"	"SAMN39949762"	"Klebsiella pneumoniae"	"Klebsiella pneumoniae"	"SAMN39950495"	""	"SAMN39950495"	"SRR27972940"	"SRR27973040"	"SRR27977190"	""
"RIVM_C051269"	"SAMN39949407"	"SAMN39949763"	"Klebsiella pneumoniae"	"Klebsiella pneumoniae"	"SAMN39950496"	""	"SAMN39950496"	"SRR27972939"	"SRR27973039"	"SRR27977189"	""
"RIVM_C051270"	"SAMN39949408"	"SAMN39949764"	"Pseudomonas aeruginosa"	"Pseudomonas aeruginosa"	"SAMN39950497"	""	"SAMN39950497"	"SRR27972938"	"SRR27973038"	"SRR27977188"	""
"RIVM_C051271"	"SAMN39949409"	"SAMN39949765"	"Klebsiella pneumoniae"	"Klebsiella pneumoniae"	"SAMN39950498"	""	"SAMN39950498"	"SRR27972937"	"SRR27973036"	"SRR27977187"	""
"RIVM_C051274"	"SAMN39949410"	"SAMN39949766"	"Klebsiella pneumoniae"	"Klebsiella pneumoniae"	"SAMN39950499"	""	"SAMN39950499"	"SRR27972936"	"SRR27973035"	"SRR27977186"	""
"RIVM_C051275"	"SAMN39949411"	"SAMN39949767"	"Acinetobacter baumannii"	"Acinetobacter baumannii"	"SAMN39950500"	""	"SAMN39950500"	"SRR27972935"	"SRR27973034"	"SRR27977185"	""
"RIVM_C051276"	"SAMN39949412"	"SAMN39949768"	"Klebsiella pneumoniae"	"Klebsiella pneumoniae"	"SAMN39950501"	""	"SAMN39950501"	"SRR27972934"	"SRR27973033"	"SRR27977184"	""
"RIVM_C051277"	"SAMN39949413"	"SAMN39949769"	"Klebsiella pneumoniae"	"Klebsiella pneumoniae"	"SAMN39950502"	""	"SAMN39950502"	"SRR27972933"	"SRR27973032"	"SRR27977183"	""
"RIVM_C051278"	"SAMN39949414"	"SAMN39949770"	"Pseudomonas aeruginosa"	"Pseudomonas aeruginosa"	"SAMN39950503"	""	"SAMN39950503"	"SRR27972932"	"SRR27972823"	"SRR27977182"	""
"RIVM_C051283"	"SAMN39949415"	"SAMN39949771"	"Klebsiella pneumoniae"	"Klebsiella pneumoniae"	"SAMN39950504"	""	"SAMN39950504"	"SRR27972712"	"SRR27972822"	"SRR27977180"	""
"RIVM_C055095"	"SAMN39949416"	"SAMN39949772"	"Escherichia coli"	"Escherichia coli"	"SAMN39950505"	""	"SAMN39950505"	"SRR27972711"	"SRR27972821"	"SRR27977179"	""
"RIVM_C055099"	"SAMN39949417"	"SAMN39949773"	"Klebsiella pneumoniae"	"Klebsiella pneumoniae"	"SAMN39950506"	""	"SAMN39950506"	"SRR27972710"	"SRR27972820"	"SRR27977178"	""
"RIVM_C055103"	"SAMN39949418"	"SAMN39949774"	"Escherichia coli"	"Escherichia coli"	"SAMN39950507"	""	"SAMN39950507"	"SRR27972709"	"SRR27972819"	"SRR27977177"	""
"RIVM_C055108"	"SAMN39949419"	"SAMN39949775"	"Pseudomonas aeruginosa"	"Pseudomonas aeruginosa"	"SAMN39950508"	""	"SAMN39950508"	"SRR27972708"	"SRR27972817"	"SRR27977176"	""
"RIVM_C055110"	"SAMN39949420"	"SAMN39949776"	"Klebsiella pneumoniae"	"Klebsiella pneumoniae"	"SAMN39950509"	""	"SAMN39950509"	"SRR27972707"	"SRR27972816"	"SRR27977175"	""
"RIVM_C055115"	"SAMN39949421"	"SAMN39949777"	"Klebsiella pneumoniae"	"Klebsiella pneumoniae"	"SAMN39950510"	""	"SAMN39950510"	"SRR27972706"	"SRR27972815"	"SRR27977174"	""
"RIVM_C055116"	"SAMN39949422"	"SAMN39949778"	"Pseudomonas aeruginosa"	"Pseudomonas aeruginosa"	"SAMN39950511"	""	"SAMN39950511"	"SRR27972705"	"SRR27972814"	"SRR27977173"	""
"RIVM_C055117"	"SAMN39949423"	"SAMN39949779"	"Escherichia coli"	"Escherichia coli"	"SAMN39950512"	""	"SAMN39950512"	"SRR27972704"	"SRR27972813"	"SRR27977172"	""
"RIVM_C055118"	"SAMN39949424"	"SAMN39949780"	"Klebsiella pneumoniae"	"Klebsiella pneumoniae"	"SAMN39950513"	""	"SAMN39950513"	"SRR27972703"	"SRR27972812"	"SRR27977171"	""
"RIVM_C055122"	"SAMN39949425"	"SAMN39949781"	"Klebsiella pneumoniae"	"Klebsiella pneumoniae"	"SAMN39950514"	""	"SAMN39950514"	"SRR27972701"	"SRR27972811"	"SRR27977169"	""
"RIVM_C055123"	"SAMN39949426"	"SAMN39949782"	"Klebsiella pneumoniae"	"Klebsiella pneumoniae"	"SAMN39950515"	""	"SAMN39950515"	"SRR27972700"	"SRR27972810"	"SRR27977168"	""
"RIVM_C055124"	"SAMN39949427"	"SAMN39949783"	"Escherichia coli"	"Escherichia coli"	"SAMN39950516"	""	"SAMN39950516"	"SRR27972699"	"SRR27972809"	"SRR27977131"	""
"RIVM_C055125"	"SAMN39949428"	"SAMN39949784"	"Escherichia coli"	"Escherichia coli"	"SAMN39950517"	""	"SAMN39950517"	"SRR27972698"	"SRR27972808"	"SRR27977130"	""
"RIVM_C055126"	"SAMN39949429"	"SAMN39949785"	"Escherichia coli"	"Escherichia coli"	"SAMN39950518"	""	"SAMN39950518"	"SRR27972697"	"SRR27972806"	"SRR27977129"	""
"RIVM_C055134"	"SAMN39949430"	"SAMN39949786"	"Citrobacter freundii"	"Citrobacter freundii"	"SAMN39950519"	""	"SAMN39950519"	"SRR27972696"	"SRR27972805"	"SRR27977128"	""
"RIVM_C055135"	"SAMN39949431"	"SAMN39949787"	"Klebsiella pneumoniae"	"Klebsiella pneumoniae"	"SAMN39950520"	""	"SAMN39950520"	"SRR27972695"	"SRR27972804"	"SRR27977127"	""
"RIVM_C055167"	"SAMN39949432"	"SAMN39949788"	"Escherichia coli"	"Escherichia coli"	"SAMN39950521"	""	"SAMN39950521"	"SRR27972694"	"SRR27972803"	"SRR27977126"	""
"RIVM_C055169"	"SAMN39949433"	"SAMN39949789"	"Escherichia coli"	"Escherichia coli"	"SAMN39950522"	""	"SAMN39950522"	"SRR27972693"	"SRR27972802"	"SRR27977125"	""
"RIVM_C055170"	"SAMN39949434"	"SAMN39949790"	"Klebsiella oxytoca"	"Klebsiella oxytoca"	"SAMN39950523"	""	"SAMN39950523"	"SRR27972692"	"SRR27972801"	"SRR27977123"	""
"RIVM_C055171"	"SAMN39949435"	"SAMN39949791"	"Pseudomonas aeruginosa"	"Pseudomonas aeruginosa"	"SAMN39950524"	""	"SAMN39950524"	"SRR27972690"	"SRR27972800"	"SRR27977348"	""
"RIVM_C055172"	"SAMN39949436"	"SAMN39949792"	"Klebsiella pneumoniae"	"Klebsiella pneumoniae"	"SAMN39950525"	""	"SAMN39950525"	"SRR27972689"	"SRR27972799"	"SRR27977347"	""
"RIVM_C055176"	"SAMN39949437"	"SAMN39949793"	"Escherichia coli"	"Escherichia coli"	"SAMN39950526"	""	"SAMN39950526"	"SRR27972688"	"SRR27972798"	"SRR27977346"	""
"RIVM_C055179"	"SAMN39949438"	"SAMN39949794"	"Escherichia coli"	"Escherichia coli"	"SAMN39950527"	""	"SAMN39950527"	"SRR27972687"	"SRR27972797"	"SRR27977345"	""
"RIVM_C055180"	"SAMN39949439"	"SAMN39949795"	"Citrobacter freundii"	"Citrobacter freundii"	"SAMN39950528"	""	"SAMN39950528"	"SRR27972686"	"SRR27972795"	"SRR27977344"	""
"RIVM_C055181"	"SAMN39949440"	"SAMN39949796"	"Klebsiella pneumoniae"	"Klebsiella pneumoniae"	"SAMN39950529"	""	"SAMN39950529"	"SRR27972685"	"SRR27972794"	"SRR27977343"	""
"RIVM_C055182"	"SAMN39949441"	"SAMN39949797"	"Escherichia coli"	"Escherichia coli"	"SAMN39950530"	""	"SAMN39950530"	"SRR27972684"	"SRR27972793"	"SRR27977342"	""
"RIVM_C055183"	"SAMN39949442"	"SAMN39949798"	"Klebsiella pneumoniae"	"Klebsiella pneumoniae"	"SAMN39950531"	""	"SAMN39950531"	"SRR27972683"	"SRR27972792"	"SRR27977341"	""
"RIVM_C055186"	"SAMN39949443"	"SAMN39949799"	"Enterobacter cloacae"	"Enterobacter cloacae"	"SAMN39950532"	""	"SAMN39950532"	"SRR27972682"	"SRR27972791"	"SRR27977340"	""
"RIVM_C055187"	"SAMN39949444"	"SAMN39949800"	"Klebsiella pneumoniae"	"Klebsiella pneumoniae"	"SAMN39950533"	""	"SAMN39950533"	"SRR27972681"	"SRR27972790"	"SRR27977339"	""
"RIVM_C055188"	"SAMN39949445"	"SAMN39949801"	"Pseudomonas aeruginosa"	"Pseudomonas aeruginosa"	"SAMN39950534"	""	"SAMN39950534"	"SRR27972679"	"SRR27972789"	"SRR27977337"	""
"RIVM_C055189"	"SAMN39949446"	"SAMN39949802"	"Enterobacter cloacae"	"Enterobacter cloacae"	"SAMN39950535"	""	"SAMN39950535"	"SRR27972678"	"SRR27972788"	"SRR27977336"	""
"RIVM_C055198"	"SAMN39949447"	"SAMN39949803"	"Klebsiella pneumoniae"	"Klebsiella pneumoniae"	"SAMN39950536"	""	"SAMN39950536"	"SRR27972677"	"SRR27972499"	"SRR27977335"	""
"RIVM_C055199"	"SAMN39949448"	"SAMN39949804"	"Escherichia coli"	"Escherichia coli"	"SAMN39950537"	""	"SAMN39950537"	"SRR27972676"	"SRR27972498"	"SRR27977334"	""
"RIVM_C055200"	"SAMN39949449"	"SAMN39949805"	"Klebsiella pneumoniae"	"Klebsiella pneumoniae"	"SAMN39950538"	""	"SAMN39950538"	"SRR27972675"	"SRR27972496"	"SRR27977333"	""
"RIVM_C055226"	"SAMN39949450"	"SAMN39949806"	"Pseudomonas aeruginosa"	"Pseudomonas aeruginosa"	"SAMN39950539"	""	"SAMN39950539"	"SRR27972674"	"SRR27972495"	"SRR27977332"	""
"RIVM_C055228"	"SAMN39949451"	"SAMN39949807"	"Klebsiella pneumoniae"	"Klebsiella pneumoniae"	"SAMN39950540"	""	"SAMN39950540"	"SRR27972673"	"SRR27972494"	"SRR27977331"	""
"RIVM_C055229"	"SAMN39949452"	"SAMN39949808"	"Escherichia coli"	"Escherichia coli"	"SAMN39950541"	""	"SAMN39950541"	"SRR27972672"	"SRR27972493"	"SRR27977330"	""
"RIVM_C055230"	"SAMN39949453"	"SAMN39949809"	"Escherichia coli"	"Escherichia coli"	"SAMN39950542"	""	"SAMN39950542"	"SRR27972671"	"SRR27972492"	"SRR27977329"	""
"RIVM_C055233"	"SAMN39949454"	"SAMN39949810"	"Escherichia coli"	"Escherichia coli"	"SAMN39950543"	""	"SAMN39950543"	"SRR27972670"	"SRR27972491"	"SRR27977328"	""
"RIVM_C055234"	"SAMN39949455"	"SAMN39949811"	"Escherichia coli"	"Escherichia coli"	"SAMN39950544"	""	"SAMN39950544"	"SRR27972668"	"SRR27972490"	"SRR27977326"	""
"RIVM_C055235"	"SAMN39949456"	"SAMN39949812"	"Klebsiella pneumoniae"	"Klebsiella pneumoniae"	"SAMN39950545"	""	"SAMN39950545"	"SRR27972667"	"SRR27972489"	"SRR27977325"	""
"RIVM_C055236"	"SAMN39949457"	"SAMN39949813"	"Escherichia coli"	"Escherichia coli"	"SAMN39950546"	""	"SAMN39950546"	"SRR27972666"	"SRR27972488"	"SRR27977324"	""
"RIVM_C055311"	"SAMN39949458"	"SAMN39949814"	"Acinetobacter baumannii"	"Acinetobacter baumannii"	"SAMN39950547"	""	"SAMN39950547"	"SRR27972665"	"SRR27972487"	"SRR27977323"	""
"RIVM_C055318"	"SAMN39949459"	"SAMN39949815"	"Escherichia coli"	"Escherichia coli"	"SAMN39950548"	""	"SAMN39950548"	"SRR27972664"	"SRR27972484"	"SRR27977322"	""
"RIVM_C055322"	"SAMN39949460"	"SAMN39949816"	"Citrobacter freundii"	"Citrobacter freundii"	"SAMN39950549"	""	"SAMN39950549"	"SRR27972663"	"SRR27972483"	"SRR27977321"	""
"RIVM_C055323"	"SAMN39949461"	"SAMN39949817"	"Escherichia coli"	"Escherichia coli"	"SAMN39950550"	""	"SAMN39950550"	"SRR27972662"	"SRR27972482"	"SRR27977320"	""
"RIVM_C055325"	"SAMN39949462"	"SAMN39949818"	"Klebsiella pneumoniae"	"Klebsiella pneumoniae"	"SAMN39950551"	""	"SAMN39950551"	"SRR27972661"	"SRR27972481"	"SRR27977319"	""
"RIVM_C055326"	"SAMN39949463"	"SAMN39949819"	"Enterobacter cloacae"	"Enterobacter cloacae"	"SAMN39950552"	""	"SAMN39950552"	"SRR27972660"	"SRR27972480"	"SRR27977318"	""
"RIVM_C055327"	"SAMN39949464"	"SAMN39949820"	"Acinetobacter baumannii"	"Acinetobacter baumannii"	"SAMN39950553"	""	"SAMN39950553"	"SRR27972659"	"SRR27972479"	"SRR27977317"	""
"RIVM_C055328"	"SAMN39949465"	"SAMN39949821"	"Klebsiella pneumoniae"	"Klebsiella pneumoniae"	"SAMN39950554"	""	"SAMN39950554"	"SRR27972657"	"SRR27972478"	"SRR27977315"	""
"RIVM_C055332"	"SAMN39949466"	"SAMN39949822"	"Escherichia coli"	"Escherichia coli"	"SAMN39950555"	""	"SAMN39950555"	"SRR27972656"	"SRR27972477"	"SRR27977314"	""
"RIVM_C055333"	"SAMN39949467"	"SAMN39949823"	"Klebsiella pneumoniae"	"Klebsiella pneumoniae"	"SAMN39950556"	""	"SAMN39950556"	"SRR27972655"	"SRR27972476"	"SRR27977313"	""
"RIVM_C055336"	"SAMN39949468"	"SAMN39949824"	"Klebsiella pneumoniae"	"Klebsiella pneumoniae"	"SAMN39950557"	""	"SAMN39950557"	"SRR27972654"	"SRR27972475"	"SRR27977312"	""
"RIVM_C055338"	"SAMN39949469"	"SAMN39949825"	"Klebsiella pneumoniae"	"Klebsiella pneumoniae"	"SAMN39950558"	""	"SAMN39950558"	"SRR27972653"	"SRR27972473"	"SRR27977167"	""
"RIVM_C055339"	"SAMN39949470"	"SAMN39949826"	"Escherichia coli"	"Escherichia coli"	"SAMN39950559"	""	"SAMN39950559"	"SRR27972652"	"SRR27972472"	"SRR27977166"	""
"RIVM_C055343"	"SAMN39949471"	"SAMN39949827"	"Escherichia coli"	"Escherichia coli"	"SAMN39950560"	""	"SAMN39950560"	"SRR27972651"	"SRR27972471"	"SRR27977165"	""
"RIVM_C055345"	"SAMN39949472"	"SAMN39949828"	"Escherichia coli"	"Escherichia coli"	"SAMN39950561"	""	"SAMN39950561"	"SRR27972650"	"SRR27972470"	"SRR27977164"	""
"RIVM_C055346"	"SAMN39949473"	"SAMN39949829"	"Klebsiella pneumoniae"	"Klebsiella pneumoniae"	"SAMN39950562"	""	"SAMN39950562"	"SRR27972649"	"SRR27972469"	"SRR27977163"	""
"RIVM_C055347"	"SAMN39949474"	"SAMN39949830"	"Acinetobacter baumannii"	"Acinetobacter baumannii"	"SAMN39950563"	""	"SAMN39950563"	"SRR27972648"	"SRR27972468"	"SRR27977162"	""
"RIVM_C055348"	"SAMN39949475"	"SAMN39949831"	"Klebsiella pneumoniae"	"Klebsiella pneumoniae"	"SAMN39950564"	""	"SAMN39950564"	"SRR27972646"	"SRR27972467"	"SRR27977160"	""
"RIVM_C055349"	"SAMN39949476"	"SAMN39949832"	"Citrobacter farmeri"	"Citrobacter farmeri"	"SAMN39950565"	""	"SAMN39950565"	"SRR27972645"	"SRR27972466"	"SRR27977159"	""
"RIVM_C055350"	"SAMN39949477"	"SAMN39949833"	"Klebsiella pneumoniae"	"Klebsiella pneumoniae"	"SAMN39950566"	""	"SAMN39950566"	"SRR27972644"	"SRR27972465"	"SRR27977158"	""
"RIVM_C055351"	"SAMN39949478"	"SAMN39949834"	"Escherichia coli"	"Escherichia coli"	"SAMN39950567"	""	"SAMN39950567"	"SRR27972643"	"SRR27972464"	"SRR27977157"	""
"RIVM_C055352"	"SAMN39949479"	"SAMN39949835"	"Klebsiella oxytoca"	"Klebsiella oxytoca"	"SAMN39950568"	""	"SAMN39950568"	"SRR27972642"	"SRR27972858"	"SRR27977156"	""
"RIVM_C055358"	"SAMN39949480"	"SAMN39949836"	"Pseudomonas aeruginosa"	"Pseudomonas aeruginosa"	"SAMN39950569"	""	"SAMN39950569"	"SRR27972641"	"SRR27972857"	"SRR27977155"	""
"RIVM_C055360"	"SAMN39949481"	"SAMN39949837"	"Escherichia coli"	"Escherichia coli"	"SAMN39950570"	""	"SAMN39950570"	"SRR27972640"	"SRR27972856"	"SRR27977154"	""
"RIVM_C055361"	"SAMN39949482"	"SAMN39949838"	"Klebsiella oxytoca"	"Klebsiella oxytoca"	"SAMN39950571"	""	"SAMN39950571"	"SRR27972639"	"SRR27972855"	"SRR27977153"	""
"RIVM_C055362"	"SAMN39949483"	"SAMN39949839"	"Klebsiella oxytoca"	"Klebsiella oxytoca"	"SAMN39950572"	""	"SAMN39950572"	"SRR27972638"	"SRR27972854"	"SRR27977152"	""
"RIVM_C055364"	"SAMN39949484"	"SAMN39949840"	"Klebsiella pneumoniae"	"Klebsiella pneumoniae"	"SAMN39950573"	""	"SAMN39950573"	"SRR27972637"	"SRR27972853"	"SRR27977151"	""
"RIVM_C055365"	"SAMN39949485"	"SAMN39949841"	"Raoultella ornithinolytica"	"Raoultella ornithinolytica"	"SAMN39950574"	""	"SAMN39950574"	"SRR27972635"	"SRR27972852"	"SRR27977149"	""
"RIVM_C055366"	"SAMN39949486"	"SAMN39949842"	"Pseudomonas aeruginosa"	"Pseudomonas aeruginosa"	"SAMN39950575"	""	"SAMN39950575"	"SRR27972634"	"SRR27972851"	"SRR27977148"	""
"RIVM_C055367"	"SAMN39949487"	"SAMN39949843"	"Enterobacter cloacae"	"Enterobacter cloacae"	"SAMN39950576"	""	"SAMN39950576"	"SRR27972633"	"SRR27972850"	"SRR27977147"	""
"RIVM_C055368"	"SAMN39949488"	"SAMN39949844"	"Acinetobacter baumannii"	"Acinetobacter baumannii"	"SAMN39950577"	""	"SAMN39950577"	"SRR27972632"	"SRR27972849"	"SRR27977146"	""
"RIVM_C055369"	"SAMN39949489"	"SAMN39949845"	"Acinetobacter nosocomialis"	"Acinetobacter nosocomialis"	"SAMN39950578"	""	"SAMN39950578"	"SRR27972631"	"SRR27972847"	"SRR27977145"	""
"RIVM_C055372"	"SAMN39949490"	"SAMN39949846"	"Pseudomonas aeruginosa"	"Pseudomonas aeruginosa"	"SAMN39950579"	""	"SAMN39950579"	"SRR27972630"	"SRR27972846"	"SRR27977144"	""
"RIVM_C055382"	"SAMN39949491"	"SAMN39949847"	"Klebsiella pneumoniae"	"Klebsiella pneumoniae"	"SAMN39950580"	""	"SAMN39950580"	"SRR27972629"	"SRR27972845"	"SRR27977143"	""
"RIVM_C055389"	"SAMN39949492"	"SAMN39949848"	"Klebsiella pneumoniae"	"Klebsiella pneumoniae"	"SAMN39950581"	""	"SAMN39950581"	"SRR27972628"	"SRR27972844"	"SRR27977142"	""
"RIVM_C055390"	"SAMN39949493"	"SAMN39949849"	"Acinetobacter baumannii"	"Acinetobacter baumannii"	"SAMN39950582"	""	"SAMN39950582"	"SRR27972627"	"SRR27972843"	"SRR27977141"	""
"RIVM_C055394"	"SAMN39949494"	"SAMN39949850"	"Escherichia coli"	"Escherichia coli"	"SAMN39950583"	""	"SAMN39950583"	"SRR27972626"	"SRR27972842"	"SRR27977140"	""
"RIVM_C055399"	"SAMN39949495"	"SAMN39949851"	"Klebsiella pneumoniae"	"Klebsiella pneumoniae"	"SAMN39950584"	""	"SAMN39950584"	"SRR27972624"	"SRR27972841"	"SRR27977138"	""
"RIVM_C055400"	"SAMN39949496"	"SAMN39949852"	"Enterobacter cloacae"	"Enterobacter cloacae"	"SAMN39950585"	""	"SAMN39950585"	"SRR27972623"	"SRR27972840"	"SRR27977137"	""
"RIVM_C055404"	"SAMN39949497"	"SAMN39949853"	"Escherichia coli"	"Escherichia coli"	"SAMN39950586"	""	"SAMN39950586"	"SRR27972622"	"SRR27972839"	"SRR27977136"	""
"RIVM_C055411"	"SAMN39949498"	"SAMN39949854"	"Escherichia coli"	"Escherichia coli"	"SAMN39950587"	""	"SAMN39950587"	"SRR27972621"	"SRR27972838"	"SRR27977135"	""
"RIVM_C055412"	"SAMN39949499"	"SAMN39949855"	"Klebsiella pneumoniae"	"Klebsiella pneumoniae"	"SAMN39950588"	""	"SAMN39950588"	"SRR27972620"	"SRR27972836"	"SRR27977134"	""
"RIVM_C055413"	"SAMN39949500"	"SAMN39949856"	"Klebsiella pneumoniae"	"Klebsiella pneumoniae"	"SAMN39950589"	""	"SAMN39950589"	"SRR27972619"	"SRR27972835"	"SRR27977133"	""
"RIVM_C055414"	"SAMN39949501"	"SAMN39949857"	"Klebsiella oxytoca"	"Klebsiella oxytoca"	"SAMN39950590"	""	"SAMN39950590"	"SRR27972618"	"SRR27972834"	"SRR27977132"	""
"RIVM_C055415"	"SAMN39949502"	"SAMN39949858"	"Escherichia coli"	"Escherichia coli"	"SAMN39950591"	""	"SAMN39950591"	"SRR27972617"	"SRR27972833"	"SRR27977311"	""
"RIVM_C055416"	"SAMN39949503"	"SAMN39949859"	"Klebsiella pneumoniae"	"Klebsiella pneumoniae"	"SAMN39950592"	""	"SAMN39950592"	"SRR27972616"	"SRR27972832"	"SRR27977310"	""
"RIVM_C055417"	"SAMN39949504"	"SAMN39949860"	"Escherichia coli"	"Escherichia coli"	"SAMN39950593"	""	"SAMN39950593"	"SRR27972615"	"SRR27972831"	"SRR27977309"	""
"RIVM_C055418"	"SAMN39949505"	"SAMN39949861"	"Escherichia coli"	"Escherichia coli"	"SAMN39950594"	""	"SAMN39950594"	"SRR27972613"	"SRR27972830"	"SRR27977307"	""
"RIVM_C055420"	"SAMN39949506"	"SAMN39949862"	"Klebsiella pneumoniae"	"Klebsiella pneumoniae"	"SAMN39950595"	""	"SAMN39950595"	"SRR27972612"	"SRR27972829"	"SRR27977306"	""
"RIVM_C055422"	"SAMN39949507"	"SAMN39949863"	"Enterobacter cloacae"	"Enterobacter cloacae"	"SAMN39950596"	""	"SAMN39950596"	"SRR27972611"	"SRR27972828"	"SRR27977305"	""
"RIVM_C055425"	"SAMN39949508"	"SAMN39949864"	"Klebsiella pneumoniae"	"Klebsiella pneumoniae"	"SAMN39950597"	""	"SAMN39950597"	"SRR27972610"	"SRR27972827"	"SRR27977304"	""
"RIVM_C055426"	"SAMN39949509"	"SAMN39949865"	"Escherichia coli"	"Escherichia coli"	"SAMN39950598"	""	"SAMN39950598"	"SRR27972609"	"SRR27972825"	"SRR27977303"	""
"RIVM_C055435"	"SAMN39949510"	"SAMN39949866"	"Pseudomonas aeruginosa"	"Pseudomonas aeruginosa"	"SAMN39950599"	""	"SAMN39950599"	"SRR27972608"	"SRR27972824"	"SRR27977302"	""
"RIVM_C055436"	"SAMN39949511"	"SAMN39949867"	"Escherichia coli"	"Escherichia coli"	"SAMN39950600"	""	"SAMN39950600"	"SRR27972427"	"SRR27972787"	"SRR27977301"	""
"RIVM_C055437"	"SAMN39949512"	"SAMN39949868"	"Klebsiella pneumoniae"	"Klebsiella pneumoniae"	"SAMN39950601"	""	"SAMN39950601"	"SRR27972426"	"SRR27972786"	"SRR27977300"	""
"RIVM_C055438"	"SAMN39949513"	"SAMN39949869"	"Klebsiella pneumoniae"	"Klebsiella pneumoniae"	"SAMN39950602"	""	"SAMN39950602"	"SRR27972425"	"SRR27972785"	"SRR27977299"	""
"RIVM_C055441"	"SAMN39949514"	"SAMN39949870"	"Klebsiella pneumoniae"	"Klebsiella pneumoniae"	"SAMN39950603"	""	"SAMN39950603"	"SRR27972424"	"SRR27972784"	"SRR27977298"	""
"RIVM_C055448"	"SAMN39949515"	"SAMN39949871"	"Escherichia coli"	"Escherichia coli"	"SAMN39950604"	""	"SAMN39950604"	"SRR27972421"	"SRR27972783"	"SRR27977296"	""
"RIVM_C055449"	"SAMN39949516"	"SAMN39949872"	"Escherichia coli"	"Escherichia coli"	"SAMN39950605"	""	"SAMN39950605"	"SRR27972420"	"SRR27972782"	"SRR27977295"	""
"RIVM_C055452"	"SAMN39949517"	"SAMN39949873"	"Pseudomonas aeruginosa"	"Pseudomonas aeruginosa"	"SAMN39950606"	""	"SAMN39950606"	"SRR27972419"	"SRR27972781"	"SRR27977294"	""
"RIVM_C055454"	"SAMN39949518"	"SAMN39949874"	"Klebsiella pneumoniae"	"Klebsiella pneumoniae"	"SAMN39950607"	""	"SAMN39950607"	"SRR27972418"	"SRR27972780"	"SRR27977293"	""
"RIVM_C055455"	"SAMN39949519"	"SAMN39949875"	"Escherichia coli"	"Escherichia coli"	"SAMN39950608"	""	"SAMN39950608"	"SRR27972417"	"SRR27972778"	"SRR27977292"	""
"RIVM_C055459"	"SAMN39949520"	"SAMN39949876"	"Klebsiella pneumoniae"	"Klebsiella pneumoniae"	"SAMN39950609"	""	"SAMN39950609"	"SRR27972416"	"SRR27972777"	"SRR27977291"	""
"RIVM_C055461"	"SAMN39949521"	"SAMN39949877"	"Pseudomonas aeruginosa"	"Pseudomonas aeruginosa"	"SAMN39950610"	""	"SAMN39950610"	"SRR27972415"	"SRR27972776"	"SRR27977290"	""
"RIVM_C055464"	"SAMN39949522"	"SAMN39949878"	"Klebsiella pneumoniae"	"Klebsiella pneumoniae"	"SAMN39950611"	""	"SAMN39950611"	"SRR27972414"	"SRR27972775"	"SRR27977289"	""
"RIVM_C055466"	"SAMN39949523"	"SAMN39949879"	"Klebsiella pneumoniae"	"Klebsiella pneumoniae"	"SAMN39950612"	""	"SAMN39950612"	"SRR27972413"	"SRR27972774"	"SRR27977288"	""
"RIVM_C055467"	"SAMN39949524"	"SAMN39949880"	"Raoultella ornithinolytica"	"Raoultella ornithinolytica"	"SAMN39950613"	""	"SAMN39950613"	"SRR27972412"	"SRR27972773"	"SRR27977287"	""
"RIVM_C055470"	"SAMN39949525"	"SAMN39949881"	"Pseudomonas aeruginosa"	"Pseudomonas aeruginosa"	"SAMN39950614"	""	"SAMN39950614"	"SRR27972410"	"SRR27972772"	"SRR27977285"	""
"RIVM_C055471"	"SAMN39949526"	"SAMN39949882"	"Escherichia coli"	"Escherichia coli"	"SAMN39950615"	""	"SAMN39950615"	"SRR27972409"	"SRR27972771"	"SRR27977284"	""
"RIVM_C055472"	"SAMN39949527"	"SAMN39949883"	"Pseudomonas aeruginosa"	"Pseudomonas aeruginosa"	"SAMN39950616"	""	"SAMN39950616"	"SRR27972408"	"SRR27972770"	"SRR27977283"	""
"RIVM_C055473"	"SAMN39949528"	"SAMN39949884"	"Klebsiella pneumoniae"	"Klebsiella pneumoniae"	"SAMN39950617"	""	"SAMN39950617"	"SRR27972407"	"SRR27972769"	"SRR27977282"	""
"RIVM_C055474"	"SAMN39949529"	"SAMN39949885"	"Escherichia coli"	"Escherichia coli"	"SAMN39950618"	""	"SAMN39950618"	"SRR27972406"	"SRR27972767"	"SRR27977281"	""
"RIVM_C055607"	"SAMN39949530"	"SAMN39949886"	"Klebsiella pneumoniae"	"Klebsiella pneumoniae"	"SAMN39950619"	""	"SAMN39950619"	"SRR27972405"	"SRR27972766"	"SRR27977280"	""
"RIVM_C055608"	"SAMN39949531"	"SAMN39949887"	"Escherichia coli"	"Escherichia coli"	"SAMN39950620"	""	"SAMN39950620"	"SRR27972404"	"SRR27972765"	"SRR27977279"	""
"RIVM_C055611"	"SAMN39949532"	"SAMN39949888"	"Klebsiella pneumoniae"	"Klebsiella pneumoniae"	"SAMN39950621"	""	"SAMN39950621"	"SRR27972403"	"SRR27972764"	"SRR27977278"	""
"RIVM_C055612"	"SAMN39949533"	"SAMN39949889"	"Pseudomonas aeruginosa"	"Pseudomonas aeruginosa"	"SAMN39950622"	""	"SAMN39950622"	"SRR27972402"	"SRR27972763"	"SRR27977277"	""
"RIVM_C055753"	"SAMN39949534"	"SAMN39949890"	"Acinetobacter baumannii"	"Acinetobacter baumannii"	"SAMN39950623"	""	"SAMN39950623"	"SRR27972401"	"SRR27972762"	"SRR27977276"	""
"RIVM_C055763"	"SAMN39949535"	"SAMN39949891"	"Klebsiella pneumoniae"	"Klebsiella pneumoniae"	"SAMN39950624"	""	"SAMN39950624"	"SRR27972399"	"SRR27972761"	"SRR27977121"	""
"RIVM_C055766"	"SAMN39949536"	"SAMN39949892"	"Escherichia coli"	"Escherichia coli"	"SAMN39950625"	""	"SAMN39950625"	"SRR27972398"	"SRR27972760"	"SRR27977120"	""
"RIVM_C055767"	"SAMN39949537"	"SAMN39949893"	"Klebsiella pneumoniae"	"Klebsiella pneumoniae"	"SAMN39950626"	""	"SAMN39950626"	"SRR27972397"	"SRR27972759"	"SRR27977119"	""
"RIVM_C055768"	"SAMN39949538"	"SAMN39949894"	"Escherichia coli"	"Escherichia coli"	"SAMN39950627"	""	"SAMN39950627"	"SRR27972396"	"SRR27972758"	"SRR27977118"	""
"RIVM_C055769"	"SAMN39949539"	"SAMN39949895"	"Pseudomonas aeruginosa"	"Pseudomonas aeruginosa"	"SAMN39950628"	""	"SAMN39950628"	"SRR27972395"	"SRR27972756"	"SRR27977117"	""
"RIVM_C055770"	"SAMN39949540"	"SAMN39949896"	"Escherichia coli"	"Escherichia coli"	"SAMN39950629"	""	"SAMN39950629"	"SRR27972394"	"SRR27972755"	"SRR27977116"	""
"RIVM_C055773"	"SAMN39949541"	"SAMN39949897"	"Escherichia coli"	"Escherichia coli"	"SAMN39950630"	""	"SAMN39950630"	"SRR27972393"	"SRR27972754"	"SRR27977115"	""
"RIVM_C055777"	"SAMN39949542"	"SAMN39949898"	"Klebsiella pneumoniae"	"Klebsiella pneumoniae"	"SAMN39950631"	""	"SAMN39950631"	"SRR27972392"	"SRR27972753"	"SRR27977114"	""
"RIVM_C059143"	"SAMN39949543"	"SAMN39949899"	"Klebsiella pneumoniae"	"Klebsiella pneumoniae"	"SAMN39950632"	""	"SAMN39950632"	"SRR27972607"	"SRR27972752"	"SRR27977113"	""
"RIVM_C059144"	"SAMN39949544"	"SAMN39949900"	"Klebsiella pneumoniae"	"Klebsiella pneumoniae"	"SAMN39950633"	""	"SAMN39950633"	"SRR27972606"	"SRR27973031"	"SRR27977112"	""
"RIVM_C059149"	"SAMN39949545"	"SAMN39949901"	"Pseudomonas aeruginosa"	"Pseudomonas aeruginosa"	"SAMN39950634"	""	"SAMN39950634"	"SRR27972604"	"SRR27973030"	"SRR27977110"	""
"RIVM_C059150"	"SAMN39949546"	"SAMN39949902"	"Escherichia coli"	"Escherichia coli"	"SAMN39950635"	""	"SAMN39950635"	"SRR27972603"	"SRR27973029"	"SRR27977109"	""
"RIVM_C059151"	"SAMN39949547"	"SAMN39949903"	"Escherichia coli"	"Escherichia coli"	"SAMN39950636"	""	"SAMN39950636"	"SRR27972602"	"SRR27973028"	"SRR27977108"	""
"RIVM_C059152"	"SAMN39949548"	"SAMN39949904"	"Escherichia coli"	"Escherichia coli"	"SAMN39950637"	""	"SAMN39950637"	"SRR27972601"	"SRR27973027"	"SRR27977107"	""
"RIVM_C059181"	"SAMN39949549"	"SAMN39949905"	"Acinetobacter baumannii"	"Acinetobacter baumannii"	"SAMN39950638"	""	"SAMN39950638"	"SRR27972600"	"SRR27973025"	"SRR27977106"	""
"RIVM_C059185"	"SAMN39949550"	"SAMN39949906"	"Escherichia coli"	"Escherichia coli"	"SAMN39950639"	""	"SAMN39950639"	"SRR27972599"	"SRR27973024"	"SRR27977105"	""
"RIVM_C059186"	"SAMN39949551"	"SAMN39949907"	"Klebsiella pneumoniae"	"Klebsiella pneumoniae"	"SAMN39950640"	""	"SAMN39950640"	"SRR27972598"	"SRR27973023"	"SRR27977104"	""
"RIVM_C059187"	"SAMN39949552"	"SAMN39949908"	"Providencia stuartii"	"Providencia stuartii"	"SAMN39950641"	""	"SAMN39950641"	"SRR27972597"	"SRR27973022"	"SRR27977103"	""
"RIVM_C059189"	"SAMN39949553"	"SAMN39949909"	"Klebsiella pneumoniae"	"Klebsiella pneumoniae"	"SAMN39950642"	""	"SAMN39950642"	"SRR27972596"	"SRR27973021"	"SRR27977102"	""
"RIVM_C059193"	"SAMN39949554"	"SAMN39949910"	"Escherichia coli"	"Escherichia coli"	"SAMN39950643"	""	"SAMN39950643"	"SRR27972595"	"SRR27973020"	"SRR27977101"	""
"RIVM_C059194"	"SAMN39949555"	"SAMN39949911"	"Klebsiella pneumoniae"	"Klebsiella pneumoniae"	"SAMN39950644"	""	"SAMN39950644"	"SRR27972593"	"SRR27973019"	"SRR27977099"	""
"RIVM_C059195"	"SAMN39949556"	"SAMN39949912"	"Klebsiella pneumoniae"	"Klebsiella pneumoniae"	"SAMN39950645"	""	"SAMN39950645"	"SRR27972592"	"SRR27973018"	"SRR27977098"	""
"RIVM_C059196"	"SAMN39949557"	"SAMN39949913"	"Escherichia coli"	"Escherichia coli"	"SAMN39950646"	""	"SAMN39950646"	"SRR27972591"	"SRR27973017"	"SRR27977097"	""
"RIVM_C059197"	"SAMN39949558"	"SAMN39949914"	"Escherichia coli"	"Escherichia coli"	"SAMN39950647"	""	"SAMN39950647"	"SRR27972590"	"SRR27973016"	"SRR27977096"	""
"RIVM_C059199"	"SAMN39949559"	"SAMN39949915"	"Klebsiella pneumoniae"	"Klebsiella pneumoniae"	"SAMN39950648"	""	"SAMN39950648"	"SRR27972589"	"SRR27973013"	"SRR27977095"	""
"RIVM_C059203"	"SAMN39949560"	"SAMN39949916"	"Pseudomonas aeruginosa"	"Pseudomonas aeruginosa"	"SAMN39950649"	""	"SAMN39950649"	"SRR27972588"	"SRR27973012"	"SRR27977094"	""
"RIVM_C059204"	"SAMN39949561"	"SAMN39949917"	"Escherichia coli"	"Escherichia coli"	"SAMN39950650"	""	"SAMN39950650"	"SRR27972587"	"SRR27973011"	"SRR27977093"	""
"RIVM_C059206"	"SAMN39949562"	"SAMN39949918"	"Enterobacter cloacae"	"Enterobacter cloacae"	"SAMN39950651"	""	"SAMN39950651"	"SRR27972586"	"SRR27973010"	"SRR27977092"	""
"RIVM_C059207"	"SAMN39949563"	"SAMN39949919"	"Escherichia coli"	"Escherichia coli"	"SAMN39950652"	""	"SAMN39950652"	"SRR27972585"	"SRR27973009"	"SRR27977091"	""
"RIVM_C059208"	"SAMN39949564"	"SAMN39949920"	"Pseudomonas aeruginosa"	"Pseudomonas aeruginosa"	"SAMN39950653"	""	"SAMN39950653"	"SRR27972584"	"SRR27973008"	"SRR27977090"	""
"RIVM_C059209"	"SAMN39949565"	"SAMN39949921"	"Pseudomonas aeruginosa"	"Pseudomonas aeruginosa"	"SAMN39950654"	""	"SAMN39950654"	"SRR27972582"	"SRR27973007"	"SRR27977088"	""
"RIVM_C059212"	"SAMN39949566"	"SAMN39949922"	"Citrobacter freundii"	"Citrobacter freundii"	"SAMN39950655"	""	"SAMN39950655"	"SRR27972581"	"SRR27973006"	"SRR27977087"	""
"RIVM_C059215"	"SAMN39949567"	"SAMN39949923"	"Raoultella ornithinolytica"	"Raoultella ornithinolytica"	"SAMN39950656"	""	"SAMN39950656"	"SRR27972580"	"SRR27973005"	"SRR27977086"	""
"RIVM_C059273"	"SAMN39949568"	"SAMN39949924"	"Klebsiella pneumoniae"	"Klebsiella pneumoniae"	"SAMN39950657"	""	"SAMN39950657"	"SRR27972579"	"SRR27973004"	"SRR27977085"	""
"RIVM_C059274"	"SAMN39949569"	"SAMN39949925"	"Citrobacter freundii"	"Citrobacter freundii"	"SAMN39950658"	""	"SAMN39950658"	"SRR27972578"	"SRR27973002"	"SRR27977084"	""
"RIVM_C059278"	"SAMN39949570"	"SAMN39949926"	"Klebsiella pneumoniae"	"Klebsiella pneumoniae"	"SAMN39950659"	""	"SAMN39950659"	"SRR27972577"	"SRR27973001"	"SRR27977083"	""
"RIVM_C059284"	"SAMN39949571"	"SAMN39949927"	"Escherichia coli"	"Escherichia coli"	"SAMN39950660"	""	"SAMN39950660"	"SRR27972576"	"SRR27973000"	"SRR27977082"	""
"RIVM_C059295"	"SAMN39949572"	"SAMN39949928"	"Citrobacter freundii"	"Citrobacter freundii"	"SAMN39950661"	""	"SAMN39950661"	"SRR27972575"	"SRR27972999"	"SRR27977081"	""
"RIVM_C059297"	"SAMN39949573"	"SAMN39949929"	"Klebsiella pneumoniae"	"Klebsiella pneumoniae"	"SAMN39950662"	""	"SAMN39950662"	"SRR27972574"	"SRR27972998"	"SRR27977080"	""
"RIVM_C059300"	"SAMN39949574"	"SAMN39949930"	"Enterobacter cloacae"	"Enterobacter cloacae"	"SAMN39950663"	""	"SAMN39950663"	"SRR27972573"	"SRR27972997"	"SRR27977079"	""
"RIVM_C059301"	"SAMN39949575"	"SAMN39949931"	"Klebsiella pneumoniae"	"Klebsiella pneumoniae"	"SAMN39950664"	""	"SAMN39950664"	"SRR27972391"	"SRR27972996"	"SRR27977077"	""
"RIVM_C059305"	"SAMN39949576"	"SAMN39949932"	"Acinetobacter baumannii"	"Acinetobacter baumannii"	"SAMN39950665"	""	"SAMN39950665"	"SRR27972390"	"SRR27972463"	"SRR27977076"	""
"RIVM_C059306"	"SAMN39949577"	"SAMN39949933"	"Escherichia coli"	"Escherichia coli"	"SAMN39950666"	""	"SAMN39950666"	"SRR27972389"	"SRR27972462"	"SRR27977075"	""
"RIVM_C059307"	"SAMN39949578"	"SAMN39949934"	"Raoultella ornithinolytica"	"Raoultella ornithinolytica"	"SAMN39950667"	""	"SAMN39950667"	"SRR27972388"	"SRR27972461"	"SRR27977074"	""
"RIVM_C059313"	"SAMN39949579"	"SAMN39949935"	"Klebsiella pneumoniae"	"Klebsiella pneumoniae"	"SAMN39950668"	""	"SAMN39950668"	"SRR27972387"	"SRR27972459"	"SRR27977073"	""
"RIVM_C059314"	"SAMN39949580"	"SAMN39949936"	"Escherichia coli"	"Escherichia coli"	"SAMN39950669"	""	"SAMN39950669"	"SRR27972386"	"SRR27972458"	"SRR27977072"	""
"RIVM_C059315"	"SAMN39949581"	"SAMN39949937"	"Enterobacter cloacae"	"Enterobacter cloacae"	"SAMN39950670"	""	"SAMN39950670"	"SRR27972385"	"SRR27972457"	"SRR27977071"	""
"RIVM_C059316"	"SAMN39949582"	"SAMN39949938"	"Klebsiella pneumoniae"	"Klebsiella pneumoniae"	"SAMN39950671"	""	"SAMN39950671"	"SRR27972384"	"SRR27972456"	"SRR27977070"	""
"RIVM_C059318"	"SAMN39949583"	"SAMN39949939"	"Klebsiella pneumoniae"	"Klebsiella pneumoniae"	"SAMN39950672"	""	"SAMN39950672"	"SRR27972383"	"SRR27972455"	"SRR27977069"	""
"RIVM_C059321"	"SAMN39949584"	"SAMN39949940"	"Enterobacter cloacae"	"Enterobacter cloacae"	"SAMN39950673"	""	"SAMN39950673"	"SRR27972382"	"SRR27972454"	"SRR27977068"	""
"RIVM_C059323"	"SAMN39949585"	"SAMN39949941"	"Citrobacter freundii"	"Citrobacter freundii"	"SAMN39950674"	""	"SAMN39950674"	"SRR27972380"	"SRR27972453"	"SRR27977066"	""
"RIVM_C059325"	"SAMN39949586"	"SAMN39949942"	"Klebsiella pneumoniae"	"Klebsiella pneumoniae"	"SAMN39950675"	""	"SAMN39950675"	"SRR27972379"	"SRR27972452"	"SRR27977065"	""
"RIVM_C059326"	"SAMN39949587"	"SAMN39949943"	"Pseudomonas aeruginosa"	"Pseudomonas aeruginosa"	"SAMN39950676"	""	"SAMN39950676"	"SRR27972378"	"SRR27972451"	"SRR27977064"	""
"RIVM_C059329"	"SAMN39949588"	"SAMN39949944"	"Escherichia coli"	"Escherichia coli"	"SAMN39950677"	""	"SAMN39950677"	"SRR27972377"	"SRR27972450"	"SRR27977063"	""
"RIVM_C059330"	"SAMN39949589"	"SAMN39949945"	"Klebsiella pneumoniae"	"Klebsiella pneumoniae"	"SAMN39950678"	""	"SAMN39950678"	"SRR27972376"	"SRR27972448"	"SRR27977062"	""
"RIVM_C059331"	"SAMN39949590"	"SAMN39949946"	"Citrobacter freundii"	"Citrobacter freundii"	"SAMN39950679"	""	"SAMN39950679"	"SRR27972375"	"SRR27972447"	"SRR27977061"	""
"RIVM_C059332"	"SAMN39949591"	"SAMN39949947"	"Proteus mirabilis"	"Proteus mirabilis"	"SAMN39950680"	""	"SAMN39950680"	"SRR27972374"	"SRR27972446"	"SRR27977060"	""
"RIVM_C059460"	"SAMN39949592"	"SAMN39949948"	"Klebsiella pneumoniae"	"Klebsiella pneumoniae"	"SAMN39950681"	""	"SAMN39950681"	"SRR27972373"	"SRR27972445"	"SRR27977059"	""
"RIVM_C059464"	"SAMN39949593"	"SAMN39949949"	"Klebsiella pneumoniae"	"Klebsiella pneumoniae"	"SAMN39950682"	""	"SAMN39950682"	"SRR27972372"	"SRR27972444"	"SRR27977058"	""
"RIVM_C059465"	"SAMN39949594"	"SAMN39949950"	"Pseudomonas aeruginosa"	"Pseudomonas aeruginosa"	"SAMN39950683"	""	"SAMN39950683"	"SRR27972371"	"SRR27972443"	"SRR27977057"	""
"RIVM_C059466"	"SAMN39949595"	"SAMN39949951"	"Escherichia coli"	"Escherichia coli"	"SAMN39950684"	""	"SAMN39950684"	"SRR27972369"	"SRR27972442"	"SRR27977055"	""
"RIVM_C059467"	"SAMN39949596"	"SAMN39949952"	"Escherichia coli"	"Escherichia coli"	"SAMN39950685"	""	"SAMN39950685"	"SRR27972368"	"SRR27972441"	"SRR27977054"	""
"RIVM_C059468"	"SAMN39949597"	"SAMN39949953"	"Enterobacter cloacae"	"Enterobacter cloacae"	"SAMN39950686"	""	"SAMN39950686"	"SRR27972367"	"SRR27972440"	"SRR27977053"	""
"RIVM_C059473"	"SAMN39949598"	"SAMN39949954"	"Escherichia coli"	"Escherichia coli"	"SAMN39950687"	""	"SAMN39950687"	"SRR27972366"	"SRR27972439"	"SRR27977052"	""
"RIVM_C059478"	"SAMN39949599"	"SAMN39949955"	"Escherichia coli"	"Escherichia coli"	"SAMN39950688"	""	"SAMN39950688"	"SRR27972365"	"SRR27972437"	"SRR27977275"	""
"RIVM_C059479"	"SAMN39949600"	"SAMN39949956"	"Escherichia coli"	"Escherichia coli"	"SAMN39950689"	""	"SAMN39950689"	"SRR27972364"	"SRR27972436"	"SRR27977274"	""
"RIVM_C059493"	"SAMN39949601"	"SAMN39949957"	"Pseudomonas aeruginosa"	"Pseudomonas aeruginosa"	"SAMN39950690"	""	"SAMN39950690"	"SRR27972363"	"SRR27972435"	"SRR27977273"	""
"RIVM_M096462"	"SAMN39949602"	"SAMN39949958"	"Staphylococcus aureus"	"Staphylococcus aureus"	"SAMN39950691"	""	"SAMN39950691"	"SRR27972362"	"SRR27972434"	"SRR27977272"	""
"RIVM_M096676"	"SAMN39949603"	"SAMN39949959"	"Staphylococcus aureus"	"Staphylococcus aureus"	"SAMN39950692"	""	"SAMN39950692"	"SRR27972361"	"SRR27972433"	"SRR27977271"	""
"RIVM_M096678"	"SAMN39949604"	"SAMN39949960"	"Staphylococcus aureus"	"Staphylococcus aureus"	"SAMN39950693"	""	"SAMN39950693"	"SRR27972360"	"SRR27972432"	"SRR27977270"	""
"RIVM_M096693"	"SAMN39949605"	"SAMN39949961"	"Staphylococcus aureus"	"Staphylococcus aureus"	"SAMN39950694"	""	"SAMN39950694"	"SRR27972358"	"SRR27972431"	"SRR27977268"	""
"RIVM_M096715"	"SAMN39949606"	"SAMN39949962"	"Staphylococcus aureus"	"Staphylococcus aureus"	"SAMN39950695"	""	"SAMN39950695"	"SRR27972357"	"SRR27972430"	"SRR27977267"	""
"RIVM_M096716"	"SAMN39949607"	"SAMN39949963"	"Staphylococcus aureus"	"Staphylococcus aureus"	"SAMN39950696"	""	"SAMN39950696"	"SRR27972356"	"SRR27972429"	"SRR27977266"	""
"RIVM_M096728"	"SAMN39949608"	"SAMN39949964"	"Staphylococcus aureus"	"Staphylococcus aureus"	"SAMN39950697"	""	"SAMN39950697"	"SRR27972931"	"SRR27972428"	"SRR27977265"	""
"RIVM_M096729"	"SAMN39949609"	"SAMN39949965"	"Staphylococcus aureus"	"Staphylococcus aureus"	"SAMN39950698"	""	"SAMN39950698"	"SRR27972930"	"SRR27972994"	"SRR27977264"	""
"RIVM_M096730"	"SAMN39949610"	"SAMN39949966"	"Staphylococcus aureus"	"Staphylococcus aureus"	"SAMN39950699"	""	"SAMN39950699"	"SRR27972929"	"SRR27972993"	"SRR27977263"	""
"RIVM_M096740"	"SAMN39949611"	"SAMN39949967"	"Staphylococcus aureus"	"Staphylococcus aureus"	"SAMN39950700"	""	"SAMN39950700"	"SRR27972928"	"SRR27972992"	"SRR27977262"	""
"RIVM_M096747"	"SAMN39949612"	"SAMN39949968"	"Staphylococcus aureus"	"Staphylococcus aureus"	"SAMN39950701"	""	"SAMN39950701"	"SRR27972927"	"SRR27972991"	"SRR27977261"	""
"RIVM_M096750"	"SAMN39949613"	"SAMN39949969"	"Staphylococcus aureus"	"Staphylococcus aureus"	"SAMN39950702"	""	"SAMN39950702"	"SRR27972926"	"SRR27972990"	"SRR27977260"	""
"RIVM_M096758"	"SAMN39949614"	"SAMN39949970"	"Staphylococcus aureus"	"Staphylococcus aureus"	"SAMN39950703"	""	"SAMN39950703"	"SRR27972925"	"SRR27972989"	"SRR27977259"	""
"RIVM_M096793"	"SAMN39949615"	"SAMN39949971"	"Staphylococcus aureus"	"Staphylococcus aureus"	"SAMN39950704"	""	"SAMN39950704"	"SRR27972922"	"SRR27972988"	"SRR27977257"	""
"RIVM_M096836"	"SAMN39949616"	"SAMN39949972"	"Staphylococcus aureus"	"Staphylococcus aureus"	"SAMN39950705"	""	"SAMN39950705"	"SRR27972921"	"SRR27972987"	"SRR27977256"	""
"RIVM_M096863"	"SAMN39949617"	"SAMN39949973"	"Staphylococcus aureus"	"Staphylococcus aureus"	"SAMN39950706"	""	"SAMN39950706"	"SRR27972920"	"SRR27972986"	"SRR27977255"	""
"RIVM_M096976"	"SAMN39949618"	"SAMN39949974"	"Staphylococcus aureus"	"Staphylococcus aureus"	"SAMN39950707"	""	"SAMN39950707"	"SRR27972919"	"SRR27972985"	"SRR27977254"	""
"RIVM_M096988"	"SAMN39949619"	"SAMN39949975"	"Staphylococcus aureus"	"Staphylococcus aureus"	"SAMN39950708"	""	"SAMN39950708"	"SRR27972918"	"SRR27972983"	"SRR27977253"	""
"RIVM_M096997"	"SAMN39949620"	"SAMN39949976"	"Staphylococcus aureus"	"Staphylococcus aureus"	"SAMN39950709"	""	"SAMN39950709"	"SRR27972917"	"SRR27972982"	"SRR27977252"	""
"RIVM_M097013"	"SAMN39949621"	"SAMN39949977"	"Staphylococcus aureus"	"Staphylococcus aureus"	"SAMN39950710"	""	"SAMN39950710"	"SRR27972916"	"SRR27972981"	"SRR27977251"	""
"RIVM_M097021"	"SAMN39949622"	"SAMN39949978"	"Staphylococcus aureus"	"Staphylococcus aureus"	"SAMN39950711"	""	"SAMN39950711"	"SRR27972915"	"SRR27972980"	"SRR27977250"	""
"RIVM_M097026"	"SAMN39949623"	"SAMN39949979"	"Staphylococcus aureus"	"Staphylococcus aureus"	"SAMN39950712"	""	"SAMN39950712"	"SRR27972914"	"SRR27972979"	"SRR27977249"	""
"RIVM_M097036"	"SAMN39949624"	"SAMN39949980"	"Staphylococcus aureus"	"Staphylococcus aureus"	"SAMN39950713"	""	"SAMN39950713"	"SRR27972913"	"SRR27972978"	"SRR27977248"	""
"RIVM_M097040"	"SAMN39949625"	"SAMN39949981"	"Staphylococcus aureus"	"Staphylococcus aureus"	"SAMN39950714"	""	"SAMN39950714"	"SRR27972911"	"SRR27972977"	"SRR27977246"	""
"RIVM_M097043"	"SAMN39949626"	"SAMN39949982"	"Staphylococcus aureus"	"Staphylococcus aureus"	"SAMN39950715"	""	"SAMN39950715"	"SRR27972910"	"SRR27972976"	"SRR27977245"	""
"RIVM_M097044"	"SAMN39949627"	"SAMN39949983"	"Staphylococcus aureus"	"Staphylococcus aureus"	"SAMN39950716"	""	"SAMN39950716"	"SRR27972909"	"SRR27972975"	"SRR27977244"	""
"RIVM_M097050"	"SAMN39949628"	"SAMN39949984"	"Staphylococcus aureus"	"Staphylococcus aureus"	"SAMN39950717"	""	"SAMN39950717"	"SRR27972908"	"SRR27972974"	"SRR27977243"	""
"RIVM_M097054"	"SAMN39949629"	"SAMN39949985"	"Staphylococcus aureus"	"Staphylococcus aureus"	"SAMN39950718"	""	"SAMN39950718"	"SRR27972907"	"SRR27972972"	"SRR27977242"	""
"RIVM_M097114"	"SAMN39949630"	"SAMN39949986"	"Staphylococcus aureus"	"Staphylococcus aureus"	"SAMN39950719"	""	"SAMN39950719"	"SRR27972906"	"SRR27972971"	"SRR27977241"	""
"RIVM_M097118"	"SAMN39949631"	"SAMN39949987"	"Staphylococcus aureus"	"Staphylococcus aureus"	"SAMN39950720"	""	"SAMN39950720"	"SRR27972905"	"SRR27972970"	"SRR27977240"	""
"RIVM_M097124"	"SAMN39949632"	"SAMN39949988"	"Staphylococcus aureus"	"Staphylococcus aureus"	"SAMN39950721"	""	"SAMN39950721"	"SRR27972904"	"SRR27972969"	"SRR27977051"	""
"RIVM_M097125"	"SAMN39949633"	"SAMN39949989"	"Staphylococcus aureus"	"Staphylococcus aureus"	"SAMN39950722"	""	"SAMN39950722"	"SRR27972903"	"SRR27972968"	"SRR27977050"	""
"RIVM_M097133"	"SAMN39949634"	"SAMN39949990"	"Staphylococcus aureus"	"Staphylococcus aureus"	"SAMN39950723"	""	"SAMN39950723"	"SRR27972902"	"SRR27972967"	"SRR27977049"	""
"RIVM_M097142"	"SAMN39949635"	"SAMN39949991"	"Staphylococcus aureus"	"Staphylococcus aureus"	"SAMN39950724"	""	"SAMN39950724"	"SRR27972900"	"SRR27972966"	"SRR27977046"	""
"RIVM_M097146"	"SAMN39949636"	"SAMN39949992"	"Staphylococcus aureus"	"Staphylococcus aureus"	"SAMN39950725"	""	"SAMN39950725"	"SRR27972899"	"SRR27972965"	"SRR27977045"	""
"RIVM_M097148"	"SAMN39949637"	"SAMN39949993"	"Staphylococcus aureus"	"Staphylococcus aureus"	"SAMN39950726"	""	"SAMN39950726"	"SRR27972898"	"SRR27972964"	"SRR27977044"	""
"RIVM_M097149"	"SAMN39949638"	"SAMN39949994"	"Staphylococcus aureus"	"Staphylococcus aureus"	"SAMN39950727"	""	"SAMN39950727"	"SRR27972897"	"SRR27972963"	"SRR27977043"	""
"RIVM_M097153"	"SAMN39949639"	"SAMN39949995"	"Staphylococcus aureus"	"Staphylococcus aureus"	"SAMN39950728"	""	"SAMN39950728"	"SRR27972896"	"SRR27972961"	"SRR27977042"	""
"RIVM_M097158"	"SAMN39949640"	"SAMN39949996"	"Staphylococcus aureus"	"Staphylococcus aureus"	"SAMN39950729"	""	"SAMN39950729"	"SRR27972571"	"SRR27972960"	"SRR27977041"	""
"RIVM_M097170"	"SAMN39949641"	"SAMN39949997"	"Staphylococcus aureus"	"Staphylococcus aureus"	"SAMN39950730"	""	"SAMN39950730"	"SRR27972570"	"SRR27972751"	"SRR27977040"	""
"RIVM_M097188"	"SAMN39949642"	"SAMN39949998"	"Staphylococcus aureus"	"Staphylococcus aureus"	"SAMN39950731"	""	"SAMN39950731"	"SRR27972569"	"SRR27972750"	"SRR27977039"	""
"RIVM_M097189"	"SAMN39949643"	"SAMN39949999"	"Staphylococcus aureus"	"Staphylococcus aureus"	"SAMN39950732"	""	"SAMN39950732"	"SRR27972568"	"SRR27972749"	"SRR27977038"	""
"RIVM_M097203"	"SAMN39949644"	"SAMN39950000"	"Staphylococcus aureus"	"Staphylococcus aureus"	"SAMN39950733"	""	"SAMN39950733"	"SRR27972567"	"SRR27972748"	"SRR27977037"	""
"RIVM_M097208"	"SAMN39949645"	"SAMN39950001"	"Staphylococcus aureus"	"Staphylococcus aureus"	"SAMN39950734"	""	"SAMN39950734"	"SRR27972565"	"SRR27972747"	"SRR27977035"	""
"RIVM_M098039"	"SAMN39949646"	"SAMN39950002"	"Staphylococcus aureus"	"Staphylococcus aureus"	"SAMN39950735"	""	"SAMN39950735"	"SRR27972564"	"SRR27972746"	"SRR27977034"	""
"RIVM_M099472"	"SAMN39949647"	"SAMN39950003"	"Staphylococcus aureus"	"Staphylococcus aureus"	"SAMN39950736"	""	"SAMN39950736"	"SRR27972563"	"SRR27972745"	"SRR27977033"	""
"RIVM_M099556"	"SAMN39949648"	"SAMN39950004"	"Staphylococcus aureus"	"Staphylococcus aureus"	"SAMN39950737"	""	"SAMN39950737"	"SRR27972562"	"SRR27972744"	"SRR27977032"	""
"RIVM_M099591"	"SAMN39949649"	"SAMN39950005"	"Staphylococcus aureus"	"Staphylococcus aureus"	"SAMN39950738"	""	"SAMN39950738"	"SRR27972561"	"SRR27972742"	"SRR27977031"	""
"RIVM_M099697"	"SAMN39949650"	"SAMN39950006"	"Staphylococcus aureus"	"Staphylococcus aureus"	"SAMN39950739"	""	"SAMN39950739"	"SRR27972560"	"SRR27972741"	"SRR27977030"	""
"RIVM_M099733"	"SAMN39949651"	"SAMN39950007"	"Staphylococcus aureus"	"Staphylococcus aureus"	"SAMN39950740"	""	"SAMN39950740"	"SRR27972559"	"SRR27972740"	"SRR27977029"	""
"RIVM_M099734"	"SAMN39949652"	"SAMN39950008"	"Staphylococcus aureus"	"Staphylococcus aureus"	"SAMN39950741"	""	"SAMN39950741"	"SRR27972558"	"SRR27972739"	"SRR27977028"	""
"RIVM_M099945"	"SAMN39949653"	"SAMN39950009"	"Staphylococcus aureus"	"Staphylococcus aureus"	"SAMN39950742"	""	"SAMN39950742"	"SRR27972557"	"SRR27972738"	"SRR27977027"	""
"RIVM_M100148"	"SAMN39949654"	"SAMN39950010"	"Staphylococcus aureus"	"Staphylococcus aureus"	"SAMN39950743"	""	"SAMN39950743"	"SRR27972556"	"SRR27972737"	"SRR27977026"	""
"RIVM_M100215"	"SAMN39949655"	"SAMN39950011"	"Staphylococcus aureus"	"Staphylococcus aureus"	"SAMN39950744"	""	"SAMN39950744"	"SRR27972554"	"SRR27972736"	"SRR27977024"	""
"RIVM_M100248"	"SAMN39949656"	"SAMN39950012"	"Staphylococcus aureus"	"Staphylococcus aureus"	"SAMN39950745"	""	"SAMN39950745"	"SRR27972553"	"SRR27972735"	"SRR27977023"	""
"RIVM_M100299"	"SAMN39949657"	"SAMN39950013"	"Staphylococcus aureus"	"Staphylococcus aureus"	"SAMN39950746"	""	"SAMN39950746"	"SRR27972552"	"SRR27972734"	"SRR27977022"	""
"RIVM_M100329"	"SAMN39949658"	"SAMN39950014"	"Staphylococcus aureus"	"Staphylococcus aureus"	"SAMN39950747"	""	"SAMN39950747"	"SRR27972551"	"SRR27972733"	"SRR27977021"	""
"RIVM_M100346"	"SAMN39949659"	"SAMN39950015"	"Staphylococcus aureus"	"Staphylococcus aureus"	"SAMN39950748"	""	"SAMN39950748"	"SRR27972550"	"SRR27972730"	"SRR27977020"	""
"RIVM_M100394"	"SAMN39949660"	"SAMN39950016"	"Staphylococcus aureus"	"Staphylococcus aureus"	"SAMN39950749"	""	"SAMN39950749"	"SRR27972549"	"SRR27972729"	"SRR27977019"	""
"RIVM_M100430"	"SAMN39949661"	"SAMN39950017"	"Staphylococcus aureus"	"Staphylococcus aureus"	"SAMN39950750"	""	"SAMN39950750"	"SRR27972548"	"SRR27972728"	"SRR27977018"	""
"RIVM_M100481"	"SAMN39949662"	"SAMN39950018"	"Staphylococcus aureus"	"Staphylococcus aureus"	"SAMN39950751"	""	"SAMN39950751"	"SRR27972547"	"SRR27972727"	"SRR27977017"	""
"RIVM_M100501"	"SAMN39949663"	"SAMN39950019"	"Staphylococcus aureus"	"Staphylococcus aureus"	"SAMN39950752"	""	"SAMN39950752"	"SRR27972546"	"SRR27972726"	"SRR27977016"	""
"RIVM_M100520"	"SAMN39949664"	"SAMN39950020"	"Staphylococcus aureus"	"Staphylococcus aureus"	"SAMN39950753"	""	"SAMN39950753"	"SRR27972545"	"SRR27972725"	"SRR27977239"	""
"RIVM_M100657"	"SAMN39949665"	"SAMN39950021"	"Staphylococcus aureus"	"Staphylococcus aureus"	"SAMN39950754"	""	"SAMN39950754"	"SRR27972543"	"SRR27972724"	"SRR27977237"	""
"RIVM_M100672"	"SAMN39949666"	"SAMN39950022"	"Staphylococcus aureus"	"Staphylococcus aureus"	"SAMN39950755"	""	"SAMN39950755"	"SRR27972542"	"SRR27972723"	"SRR27977236"	""
"RIVM_M100707"	"SAMN39949667"	"SAMN39950023"	"Staphylococcus aureus"	"Staphylococcus aureus"	"SAMN39950756"	""	"SAMN39950756"	"SRR27972541"	"SRR27972722"	"SRR27977235"	""
"RIVM_M100709"	"SAMN39949668"	"SAMN39950024"	"Staphylococcus aureus"	"Staphylococcus aureus"	"SAMN39950757"	""	"SAMN39950757"	"SRR27972540"	"SRR27972721"	"SRR27977234"	""
"RIVM_M100719"	"SAMN39949669"	"SAMN39950025"	"Staphylococcus aureus"	"Staphylococcus aureus"	"SAMN39950758"	""	"SAMN39950758"	"SRR27972539"	"SRR27972719"	"SRR27977233"	""
"RIVM_M101423"	"SAMN39949670"	"SAMN39950026"	"Staphylococcus aureus"	"Staphylococcus aureus"	"SAMN39950759"	""	"SAMN39950759"	"SRR27972538"	"SRR27972718"	"SRR27977232"	""
